
  {
    "data": [
      {"key": "ssfhq", "value": "9001" },/* 所属孵化器 */
      {"key": "ssfhq_name", "value": "孵化器1"},/* 所属孵化器 */
      {"key": "hxtdjj", "value": "127"},/* 核心团队简介 */
      {"key": "qymc", "value": "企业全称"},/* 企业名称 */
      {"key": "fzrzw", "value": "2222"},/* 负责人职务 */
      {"key": "ysqwgzls", "value": 117},/* 已申请外观专利数 */
      {"key": "lxrsj", "value": "9999"},/* 联系人手机 */
      {"key": "jydz", "value": "104"},/* 经营地址 */
      {"key": "ysqjcdlbts", "value": 119},/* 已申请集成电路布图数 */
      {"key": "zcsbggid", "value": "4028ff815b660045015b660e92a2003f"},/* 政策申报公告ID */
      {"key": "lxrbm", "value": "7777"},/* 联系人部门 */
      {"key": "zkjyxygs", "value": "4"},/* 专科及以下员工数 */
      {"key": "xmgk", "value": "129"},/* 项目概况 */
      {"key": "sflxsqy_name", "value": "否"},/* 是否留学生企业 */
      {"key": "fzrsj", "value": "4444"},/* 负责人手机 */
      {"key": "sbndzyysr", "value": 109},/* 申报年度总营业收 */
      {"key": "yhqwgzls", "value": 123},/* 已获取外观专利数 */
      {"key": "zczb", "value": 107},/* 注册资本 */
      {"key": "bkygs", "value": 3},/* 本科员工数 */
      {"key": "jydyb", "value": "105"},/* 经营地邮编 */
      {"key": "sbndqnnse", "value": 110},/* 申报年度全年纳税额 */
      {"key": "swdjh", "value": "106"},/* 税务登记号 */
      {"key": "fzrdzyx", "value": "5555"},/* 负责人电子邮箱 */
      {"key": "cyqyjjj", "value": "128"},/* 创业企业家简介 */
      {"key": "qyclrq", "value": "2017-10-01"},/* 企业成立日期 */
      {"key": "sbblx", "value": "1"},/* isMainTable */
      {"key": "rfsj", "value": "2017-10-11"},/* 入孵时间 */
      {"key": "lxrdh", "value": "8888"},/* 联系人电话 */
      {"key": "yhqqtzscqs", "value": 126},/* 已获取其他知识产权数 */
      {"key": "zcdyb", "value": "103"},/* 注册地邮编 */
      {"key": "sbndzcfzl", "value": 114},/* 申报年度资产负债率 */
      {"key": "yhqfmzls", "value": 121},/* 以获取发明专利数 */
      {"key": "sbndyffyzcze", "value": 111},/* 申报年度研发费用支出总额 */
      {"key": "fzrxm", "value": "1111"},/* 负责人姓名 */
      {"key": "ysqrjzzqs", "value": 118},/* 已申请软件著作权数 */
      {"key": "lxrdzyx", "value": "101"},/* 联系人电子邮箱 */
      {"key": "zcdz", "value": "102"},/* 注册地址 */
      {"key": "sshy", "value": "03"},/* 所属行业 */
      {"key": "sbbid", "value": "402888e45a409f6c015a40a5be3d000f"},/* 政策申报表id */
      {"key": "sshy_name", "value": "信息技术"},/* 所属行业 */
      {"key": "qyjbxxid", "value": "e5a59c985c9a552a015d7d47de8f0101"},/* 企业基本信息ID */
      {"key": "ssygs", "value": 2},/* 硕士员工数 */
      {"key": "bsjysygs", "value": 1},/* 博士及以上员工数 */
      /* 表格数据 */
      {"key": "subEntityInformations", "value": "e5a59c985a287da5015a40c866d205c9~股东名称,法人代码或身份证号码,是否上市公司,境外公司或外籍,所占股份,投资方式@#&[{"rowId": "0","rowData": "qq,ww,ee,rr,tt,yy"},{"rowId": "1","rowData": ",,,,,"},{"rowId": "2","rowData": ",,,,,"},{"rowId": "3","rowData": ",,,,,"},{"rowId": "4","rowData": ",,,,,"}]&#@ff80808159909d62015991aa51a60131~指标/年份,2017,2016,2015@#&[{"rowId": "ff80808159909d62015991aa51ab0133","rowData": "总收入,aa,ss,dd"},{"rowId": "ff80808159909d62015991aa51ab0134","rowData": "主营业务收入,,,"},{"rowId": "ff80808159909d62015991aa51ab0135","rowData": "主营业务收入增长率(%),,,"},{"rowId": "ff80808159909d62015991aa51ab0136","rowData": "净利润,,,"},{"rowId": "ff80808159909d62015991aa51ab0137","rowData": "其中主营业务利润,,,"},{"rowId": "ff80808159909d62015991aa51ab0138","rowData": "主营业务利润增长率(%),,,"},{"rowId": "ff80808159909d62015991aa51ab0139","rowData": "研发经费支出总额,,,"},{"rowId": "ff80808159909d62015991aa51ab013a","rowData": "总资产,,,"},{"rowId": "ff80808159909d62015991aa51ab013b","rowData": "净资产,,,"},{"rowId": "ff80808159909d62015991aa51ab013c","rowData": "资产负债率(%),,,"},{"rowId": "e5a59c985b12a6f1015b18cf6ec90683","rowData": "纳税总额,,,"}]"},
      {"key": "sbndldzc", "value": 112},/* 申报年度流动资产 */
      {"key": "yhqrjzzqs", "value": 124},/* 已获取软件著作权数 */
      {"key": "sbndgdzcje", "value": 113},/* 申报年度固定资产净额 */
      {"key": "ysqfmzls", "value": 115},/* 已申请发明专利数 */
      {"key": "zzjgdm", "value": "555555"},/* 社会统一信用编码 */
      {"key": "yhqjcdlbts", "value": 125},/* 已获取集成电路布图数 */
      {"key": "ysqqtzscqs", "value": 120},/* 已申请其他知识产权数 */
      {"key": "fhmj", "value": 108},/* 孵化面积 */
      {"key": "lxrxm", "value": "6666"},/* 联系人姓名 */
      {"key": "SHJG", "value": "01"},/* 审核结果 */
      {"key": "fzrdh", "value": "3333"},/* 负责人电话 */
      {"key": "ysqsyxxzls", "value": 116},/* 已申请实用新型专利数 */
      {"key": "sflxsqy", "value": "0"},/* 是否留学生企业 */
      {"key": "yhqsyxxzls", "value": 122},/* 已获取实用新型专利数 */
      {"key": "ygzs", "value": 5}/* 员工总数 */
    ]
  }